,column,mean,median,std
0,lastmonth_activity,5625.923076923077,425.0,19444.774621317832
1,lastyear_activity,763.5384615384615,97.5,2016.6093569309696
2,number_of_employees,457.46153846153845,99.0,800.6048328991891
