,column,mean,median,std
0,lastmonth_activity,165.65384615384616,73.0,284.0332293669447
1,lastyear_activity,1502.923076923077,955.0,2192.6449584568304
2,number_of_employees,26.884615384615383,14.0,31.353885785435814
